"countryCode","phone","selfieImage","frontIdImage","backIdImage"
"20","1245678702","D:\uhana\Software & QC\Webkeyz\issues\WhatsApp Image 2024-11-16 at 10.15.32_c7999153.jpg","D:\uhana\Software & QC\Webkeyz\issues\WhatsApp Image 2024-11-16 at 10.15.32_c7999153.jpg","D:\uhana\Software & QC\Webkeyz\issues\WhatsApp Image 2024-11-16 at 10.15.32_c7999153.jpg"
"20","1245678704","D:\uhana\Software & QC\Webkeyz\issues\WhatsApp Image 2024-11-16 at 10.15.32_c7999153.jpg","D:\uhana\Software & QC\Webkeyz\issues\WhatsApp Image 2024-11-16 at 10.15.32_c7999153.jpg","D:\uhana\Software & QC\Webkeyz\issues\WhatsApp Image 2024-11-16 at 10.15.32_c7999153.jpg"
"20","1245678705","D:\uhana\Software & QC\Webkeyz\issues\WhatsApp Image 2024-11-16 at 10.15.32_c7999153.jpg","D:\uhana\Software & QC\Webkeyz\issues\WhatsApp Image 2024-11-16 at 10.15.32_c7999153.jpg","D:\uhana\Software & QC\Webkeyz\issues\WhatsApp Image 2024-11-16 at 10.15.32_c7999153.jpg"
"20","1245678706","D:\uhana\Software & QC\Webkeyz\issues\WhatsApp Image 2024-11-16 at 10.15.32_c7999153.jpg","D:\uhana\Software & QC\Webkeyz\issues\WhatsApp Image 2024-11-16 at 10.15.32_c7999153.jpg","D:\uhana\Software & QC\Webkeyz\issues\WhatsApp Image 2024-11-16 at 10.15.32_c7999153.jpg"
"20","1245678707","D:\uhana\Software & QC\Webkeyz\issues\WhatsApp Image 2024-11-16 at 10.15.32_c7999153.jpg","D:\uhana\Software & QC\Webkeyz\issues\WhatsApp Image 2024-11-16 at 10.15.32_c7999153.jpg","D:\uhana\Software & QC\Webkeyz\issues\WhatsApp Image 2024-11-16 at 10.15.32_c7999153.jpg"
"20","1245678709","D:\uhana\Software & QC\Webkeyz\issues\WhatsApp Image 2024-11-16 at 10.15.32_c7999153.jpg","D:\uhana\Software & QC\Webkeyz\issues\WhatsApp Image 2024-11-16 at 10.15.32_c7999153.jpg","D:\uhana\Software & QC\Webkeyz\issues\WhatsApp Image 2024-11-16 at 10.15.32_c7999153.jpg"
"20","1245678710","D:\uhana\Software & QC\Webkeyz\issues\WhatsApp Image 2024-11-16 at 10.15.32_c7999153.jpg","D:\uhana\Software & QC\Webkeyz\issues\WhatsApp Image 2024-11-16 at 10.15.32_c7999153.jpg","D:\uhana\Software & QC\Webkeyz\issues\WhatsApp Image 2024-11-16 at 10.15.32_c7999153.jpg"
,,,,
,,,,
,,,,
"20","1245678701","D:\uhana\Software & QC\Webkeyz\issues\WhatsApp Image 2024-11-16 at 10.15.32_c7999153.jpg","D:\uhana\Software & QC\Webkeyz\issues\WhatsApp Image 2024-11-16 at 10.15.32_c7999153.jpg","D:\uhana\Software & QC\Webkeyz\issues\WhatsApp Image 2024-11-16 at 10.15.32_c7999153.jpg"
"20","1245678703","D:\uhana\Software & QC\Webkeyz\issues\WhatsApp Image 2024-11-16 at 10.15.32_c7999153.jpg","D:\uhana\Software & QC\Webkeyz\issues\WhatsApp Image 2024-11-16 at 10.15.32_c7999153.jpg","D:\uhana\Software & QC\Webkeyz\issues\WhatsApp Image 2024-11-16 at 10.15.32_c7999153.jpg"
"20","1245678708","D:\uhana\Software & QC\Webkeyz\issues\WhatsApp Image 2024-11-16 at 10.15.32_c7999153.jpg","D:\uhana\Software & QC\Webkeyz\issues\WhatsApp Image 2024-11-16 at 10.15.32_c7999153.jpg","D:\uhana\Software & QC\Webkeyz\issues\WhatsApp Image 2024-11-16 at 10.15.32_c7999153.jpg"
